adult,backdrop_path,genre_ids,id,title,original_language,original_title,overview,popularity,poster_path,release_date,softcore,video,vote_average,vote_count
False,/3icyRAqgakNcQn6aDVz9libFmBA.jpg,"[27, 878, 12]",1423191,Resident Evil,en,Resident Evil,"Medical courier Bryan unwittingly finds himself fighting for survival as one fateful, horrifying night collapses around him in chaos.",433.5555,/i7UyjfPio0VFHB9rBUZSFyhOoM8.jpg,2026-09-17,False,False,7.316,680
False,/2c9zNZJL0ZdagD6JbmU3hH4hovs.jpg,"[28, 35]",1377237,Runner,en,Runner,"A former soldier is thrown into a brutal race against time when a critical medical delivery makes him and his unlikely partner the targets of a ruthless cartel. As the mission spirals into a deadly manhunt, every detour, delay, and bullet pushes them closer to failure. With betrayal closing in from every side, they must survive the chase and deliver their cargo to save the life of a little girl.",267.0831,/yBKMAIj7clP42UkFejhGDBBoTpb.jpg,2026-09-24,False,False,8.271,279
False,/b7t3r39Oll5qPxBKzLZ8eHMBD7l.jpg,"[35, 18]",1248832,Digger,en,Digger,The most powerful man in the world embarks on a frantic mission to prove he is humanity's savior before the disaster he's unleashed destroys everything.,203.9903,/1ATXKrIPJyKNwnJ6lcG088Sa6zi.jpg,2026-10-01,False,False,7.5,67
False,/bicMU6xVD5deVyKP2azpyx7xkmH.jpg,"[12, 53]",1263337,Heart of the Beast,en,Heart of the Beast,"After a harrowing plane crash, Special Forces officer James Belmont and his combat dog, Odin, find themselves stranded deep in the Alaskan wilderness. Together, they are forced into a brutal fight for survival against the elements.",150.6317,/mYqiF90igComG2L2qm8SwFbaMwn.jpg,2026-09-24,False,False,7.554,186
False,/7RyHsO4yDXtBv1zUU3mTpHeQ0d5.jpg,"[12, 878, 28]",299534,Avengers: Endgame,en,Avengers: Endgame,"After the devastating events of Avengers: Infinity War, the universe is in ruins due to the efforts of the Mad Titan, Thanos. With the help of remaining allies, the Avengers must assemble once more in order to undo Thanos' actions and restore order to the universe once and for all, no matter what consequences may be in store.",117.9721,/ulzhLuWrPK07P1YkdWQLZnQh1JL.jpg,2019-04-24,False,False,8.246,28876
False,/4E5RVsSUG1A4Adwbqupu5w6kofZ.jpg,"[53, 18]",1375441,Primetime,en,Primetime,"In 2006, To Catch a Predator host Chris Hansen sets out to make television history. When a high stakes operation goes fatally wrong, his veneered dream of fame curdles into a nightmare of performative justice.",85.7111,/lmrulvLbmaejTix1YaMxo1oGhH1.jpg,2026-09-24,False,False,7.019,77
False,/cNICUho5uiAGkfCAQq1ihyaMla4.jpg,"[16, 12, 14, 35, 10751]",1465063,Forgotten Island,en,Forgotten Island,"While celebrating their last night together, high school graduates and best friends Jo and Raissa stumble upon a mysterious portal that transports them to the fantastical island of Nakali. When they discover that the memories of their entire friendship are the price for returning home, Jo and Raissa must race to find a way to leave the island before they forget each other forever.",78.9703,/Lr0Ng7Gg02RW1AyfYEL6P0WUvd.jpg,2026-09-25,False,False,8.238,40
False,/yBDxqDB29kpH9VojTytjGWBgmdJ.jpg,[53],1101412,Fall 2: Deadpoint,en,Fall 2: Deadpoint,"On a perilous climb across Thailand's Mount Kwan, two climbers become trapped thousands of feet above the ground, where vertigo-inducing heights, sheer exposure, and impossible odds turn every moment into a fight for survival.",64.9347,/fgSm5ylwiXbIHn8UbUXDjk9RRu4.jpg,2026-09-04,False,False,6.107,56
False,/lvOLivVeX3DVVcwfVkxKf0R22D8.jpg,"[12, 14]",671,Harry Potter and the Philosopher's Stone,en,Harry Potter and the Philosopher's Stone,"Harry Potter has lived under the stairs at his aunt and uncle's house his whole life. But on his 11th birthday, he learns he's a powerful wizard—with a place waiting for him at the Hogwarts School of Witchcraft and Wizardry. As he learns to harness his newfound powers with the help of the school's kindly headmaster, Harry uncovers the truth about his parents' deaths—and about the villain who's to blame.",54.2574,/wuMc08IPKEatf9rnMNXvIDxqP4W.jpg,2001-11-16,False,False,7.904,30322
False,/quAHqi4zBrB5fIfHvgrqiG4xzAC.jpg,"[878, 53, 12]",1384216,The Dog Stars,en,The Dog Stars,"After the world's population has been ravaged by a pandemic, a man lives a lonesome existence in a Colorado airplane hangar with his dog and a dour gunman he has befriended. When a mysterious transmission comes through on the radio while he’s flying his old Cessna, it sparks a hunt for the provenance of the sound.",47.3324,/5O616X9vmRzQdB68PHzBewPittd.jpg,2026-08-27,False,False,6.6,299
False,/wE6syT1vv6W24iLGfhR4kQHnIDN.jpg,"[10749, 14, 35]",1302904,Practical Magic 2,en,Practical Magic 2,The Owens sisters must confront the dark curse that threatens to unravel their family once and for all.,46.6564,/ogwQOLbCfncjvBhFb5l0OmQH8KC.jpg,2026-09-11,False,False,6.134,101
False,/hrCTKrc3Tz2wbPOt5rcrlAhqF11.jpg,"[878, 9648, 28]",1058424,Hope,ko,호프,"In the remote South Korean village of Hope Harbor, police chief Bum-seok and officer Sung-ae are called to investigate a mysterious creature wreaking havoc on the community. But all is not as it seems, and perceptions can be misleading. What begins as ignorance plants the seed of disaster, escalating through human conflict into a tragedy of cosmic proportions.",42.9137,/1n37BJchWHLiSYQkuFxe5KjB951.jpg,2026-09-04,False,False,7.2,107
False,/lEwqBGNR65KZv6Ej5ufcmhZu2y2.jpg,"[35, 18, 10749]",950028,The Invite,en,The Invite,"Joe and Angela's marriage is on thin ice. When they invite their enigmatic upstairs neighbors for a dinner party, the night spirals into unexpected places. Have they reignited the spark or lit the match that burns it all down?",42.5509,/b7Dr8Chzse8VagexAporUu2RtLx.jpg,2026-08-28,False,False,7.2,705
False,/xzm3RfWh932rS28WErNC3u8qzVm.jpg,"[16, 18, 9648, 14]",822653,Puella Magi Madoka Magica the Movie -Walpurgisnacht: Rising-,ja,劇場版 魔法少女まどか☆マギカ〈ワルプルギスの廻天〉,"After the events of Rebellion, the world appears to be in balance—but that peace is fragile. As a new threat connected to Walpurgisnacht emerges, Homura Akemi is forced to face the consequences of her choices and question how far she is willing to go to protect Madoka.",29.6443,/g4kCd4rMuN7G3VQQDUT6mLbrBqQ.jpg,2026-09-04,False,False,9.0,2
False,/zUninC7dOHfzwcgCqQMLQjlMtiy.jpg,"[53, 28, 80]",1413976,Citizen Vigilante,en,Citizen Vigilante,"A man takes justice into his own hands, hunting down criminals. His vigilante crusade makes him a social media star but puts him at odds with the local police chief.",22.5899,/6LmJD3Wohe0g4U62wgi7RyJqfE4.jpg,2026-09-11,False,False,6.524,417
False,/2okfik8YwzSfdETpT5cUClSiGFO.jpg,"[16, 18]",1244492,Look Back,ja,ルックバック,"Popular, outgoing Fujino is celebrated by her classmates for her funny comics in the class newspaper. One day, her teacher asks her to share the space with Kyomoto, a truant recluse whose beautiful artwork sparks a competitive fervor in Fujino. What starts as jealousy transforms when Fujino realizes their shared passion for drawing.",26.8187,/4f2EcNkp1Mvp9wE5w7HKxcmACWg.jpg,2024-08-01,False,False,8.181,681
False,/jIpagj2Dud9g3ZVJFvaWikEWsYz.jpg,"[28, 16, 878]",9323,Ghost in the Shell,ja,GHOST IN THE SHELL / 攻殻機動隊,"In the year 2029, the barriers of our world have been broken down by the net and by cybernetics, but this brings new vulnerability to humans in the form of brain-hacking. When a highly-wanted hacker known as 'The Puppetmaster' begins involving them in politics, Section 9, a group of cybernetically enhanced cops, are called in to investigate and stop the Puppetmaster.",18.568,/9gC88zYUBARRSThcG93MvW14sqx.jpg,2026-08-28,False,False,7.93,4079
False,/2VDV1ZBHV1PKKBcWjRRCydZO1YR.jpg,"[53, 9648, 27]",1433568,The Rope Curse 4: Kuntilanak,zh,粽邪4：坤蒂拉娜,"A forbidden exorcism is livestreamed in Indonesia, awakening the legendary female spirit Kuntilanak. What begins as an online spectacle quickly turns deadly. In Taiwan, Mila watches the ritual—and becomes the curse’s first victim. Soon, mysterious deaths and violent possessions follow. When Yulan collapses and is found to have lost part of her soul, it becomes clear that this is not an isolated incident, but a transnational curse. Seeking answers, Mila’s son returns her ashes to Indonesia, hoping to uncover the truth behind her death. Instead, he steps into a nightmare rooted in ancient folklore and unresolved hatred. As supernatural violence escalates, the group realizes that once Kuntilanak is summoned, the curse will not stop—until it claims everything in its path.",18.5957,/6u8F23BammMeCWLvWITbFM2Nwbe.jpg,2026-08-27,False,False,0.0,0
False,/tieojVpH6eW44JQOQEWnf8t4khG.jpg,"[53, 80]",1480574,Just Play Dead,en,Just Play Dead,A criminal mastermind plans to fake his death for insurance money while framing his wife's lover. His wife plots to kill him for real and take it all. Both race to outmanoeuvre each other in a deadly battle of wits.,15.1656,/e0WaDBrrBAMcq2stAXCR7rXEsiw.jpg,2026-08-28,False,False,5.79,50
False,/eJKKygAF718jp1HhGvH3SMoi5Cv.jpg,[35],1516724,Good Vibes Only,fr,Pour le plaisir,Based on the true story of a married couple who invented a groundbreaking sex toy heralded as forever changing the way women experience pleasure.,14.5676,/12HNBcAUI8IdRlXfOuhWGqrTqpx.jpg,2026-09-04,False,False,6.241,54
False,/wTWy7b1SKslcNn1GDah6S7MQa5p.jpg,"[18, 80]",16664,All About Lily Chou-Chou,ja,リリイ・シュシュのすべて,"Charts the troubled teenage years of students Yūichi Hasumi and Shūsuke Hoshino, exploring the shifting and complex power dynamics of their relationship against the backdrop of Yūichi's love for the dreamy and abstract music of pop star Lily Chou-Chou.",10.5929,/pLBNmJUH9JYRCRsh349PJ22WpkS.jpg,2005-01-21,False,False,7.486,322
False,/euUEDjof7fVX2t3nYFvLLN9ADK2.jpg,"[35, 10402, 18]",1284016,Power Ballad,en,Power Ballad,"When Rick, a past-his-prime wedding singer, meets fading boy-band star Danny during a gig, the two bond over music and a late-night jam session. But when Danny turns one of Rick’s songs into the hit that reignites his career, Rick sets out to reclaim the recognition he believes he deserves - even if it means risking everything he cares about.",9.2689,/sGgX2K0SJqw90Ju8TONdhDVwlzT.jpg,2026-09-11,False,False,7.049,112
False,/uL1HCc4wmcFcSr1zS3kXX3CNUeE.jpg,"[10402, 99]",1388805,LINKIN PARK: UNSHATTER,en,LINKIN PARK: UNSHATTER,"After a seven-year hiatus following the devastating loss of their beloved bandmate Chester Bennington, LINKIN PARK'S remaining members struggled to find their way forward. Their shared history and enduring friendship, combined with the fresh perspective of two new band members Emily Armstrong and Colin Brittain spark a renewed creative energy that leads them on a transformative journey of artistic reinvention. Following the band from intimate 2022 studio sessions through their explosive FROM ZERO album release and concert in São Paulo, this documentary weaves together rare vault footage, electrifying performances from sold-out shows, and candid interviews with band members and fans—capturing the raw, honest story of what it means to start over.",8.2494,/kHNrz7DBVPrtyMhJxmBm2poS2l9.jpg,2026-09-30,False,False,9.278,9
False,/hIeEpk2w1dnC9ly9ZJwwbunH2Cx.jpg,"[16, 18, 35, 878]",838240,Robot Dreams,es,Robot Dreams,A lonely dog's friendship with his robot companion takes a sad turn when an unexpected malfunction forces him to abandon Robot at the beach. Will Dog ever meet Robot again?,7.9806,/ds402Qq09ybgBcXKiQNTZfzsP5o.jpg,2024-02-23,False,False,7.959,858
False,/woYGBHERSMhIHqmkkRCbCXp81l4.jpg,"[18, 10749, 35]",660120,The Worst Person in the World,no,Verdens verste menneske,"The chronicles of four years in the life of Julie, a young woman who navigates the troubled waters of her love life and struggles to find her career path, leading her to take a realistic look at who she really is.",9.3534,/1NxGNQchGBTHXJ6RShLY1IlZqWn.jpg,2026-09-04,False,False,7.434,1985
False,/b1CVjSYinzm6tx1TGA7c75W8X9k.jpg,"[35, 18, 9648]",109,Three Colors: White,fr,Trois couleurs : Blanc,"Polish immigrant Karol Karol finds himself out of a marriage, a job and a country when his French wife, Dominique, divorces him after six months due to his impotence. Forced to leave France after losing the business they jointly owned, Karol enlists fellow Polish expatriate Mikołaj to smuggle him back to their homeland.",7.5494,/6r09mQLfJmQes0uFD4yTa8NAKPj.jpg,2026-09-11,False,False,7.4,1377
False,/cMXp028BZIdiA9OFfiK4gSYYtcr.jpg,"[16, 14, 28, 12]",176983,One Piece Film: Z,ja,ONE PIECE FILM Z,"Zephyr, now known as Z, rides the seas with only one goal: Destroy all pirates and their dreams at becoming King of Pirates. When Luffy and his crew encounter him at sea, not only are they utterly defeated by the man with an arm made of Seastone, Nami, Robin, and Chopper are turned 10 years younger due to Z's minion Ain. Luffy is so determined to win against him that he does not even notice Z's master plan that could sacrifice thousands of lives.",7.2795,/dd0HwfxstffjRgbBcQvtw3uqS6O.jpg,2013-01-25,False,False,7.509,580
False,/aayQcCebqLmkTZdILp9JVcFiIRL.jpg,"[28, 80, 53]",1458215,The Gentleman Thief,en,The Gentleman Thief,"A retired master thief must protect his impulsive brother from disaster when a 100 million dollar yacht heist spirals into a dangerous web of deception. Old foes emerge as the stakes rise, forcing him to use every trick he knows to stay alive.",7.8017,/oMutDMODnbCZf46w0dK4wncQmDB.jpg,2026-10-02,False,False,5.78,25
False,/xkk7cqXFzY4aCCG5AYWZCFQFbIX.jpg,"[18, 9648, 10749]",110,Three Colors: Red,fr,Trois couleurs : Rouge,"Part-time model Valentine unexpectedly befriends a retired judge after she runs over his dog. At first, the grumpy man shows no concern about the dog, and Valentine decides to keep it. But the two form a bond when she returns to his house and catches him listening to his neighbors’ phone calls.",7.4519,/JHmsBiX1tjCKqAul1lzC20WcAW.jpg,2026-09-11,False,False,7.9,1606
False,/kiDd05NykJBIoEvJPSG5SOd7qc6.jpg,"[28, 14]",961214,Reawakened Man,ko,부활남: 더 레드,"Despite unwavering support from his best friend Young-ha and the unwavering support of his younger sister Ye-rin, job seeker Seok Hwan just can't seem to land a job, repeatedly failing interviews. One night, after yet another disastrous interview, he returns home only to be attacked by a group of strangers and killed. But 72 hours after his death, Seok Hwan suddenly opens his eyes as if nothing happened. He soon discovers that he possesses a special ability: no matter how many times he dies, he comes back to life. But there's little time to process his extraordinary new power before a mysterious figure known as Black, who has discovered Hwan's existence, begins hunting him down.  Yet with each resurrection, Seok Hwan grows stronger, unleashing powers beyond anything he could have imagined!",7.5546,/5SHFK1EoJeYy9jPHWX32LDsMNAG.jpg,2026-10-01,False,False,5.0,1
False,/xGJBLsiY0quc2pOcCH1MdnF5P8.jpg,"[28, 16, 35, 12, 14]",44729,One Piece: Baron Omatsuri and the Secret Island,ja,ワンピース the movie オマツリ男爵と秘密の島,"The Straw Hats visit a recreational island, run by Baron Omatsuri, who asks them to complete a series of ordeals if they wish to stay on the island. Luffy accepts and the Straw Hats work together to complete them, but as the island's mysteries unfold, their lives and friendships are put to the test. It's up to Luffy to stop the Baron's plot and keep his crew together.",6.7723,/ueIR4LM4k8eKhSB8gGT9NMhCwGW.jpg,2026-09-04,False,False,7.2,261
False,/1oaRUHv1zX4mZNX1zq4NcHIg50m.jpg,"[16, 14, 12]",41498,One Piece Film: Strong World,ja,ONE PIECE FILM STRONG WORLD,"20 years after his escape from Impel Down, the legendary pirate Shiki, the Golden Lion, reappears causing massive upheaval to the Marines. During his long seclusion, he was able to come up with a scheme to bring the World Government to his knees. On his way to execute the plan, Shiki crosses paths with the Straw Hat Pirates and becomes so impressed with Nami's knowledge of meteorology that he abducts her to forcedly enlist her into his crew. Luffy and the gang end up on a strange land populated with monstrous beasts as they desperately search for Shiki and Nami.",5.9473,/z9S39hH4IOX9Hmtn3zho3Wdqem8.jpg,2026-08-28,False,False,7.453,414
False,/pXvYw0QOPbHJVvwGbZfrSNY2vnB.jpg,[18],108,Three Colors: Blue,fr,Trois couleurs : Bleu,"The wife of a famous composer survives a car accident that kills her husband and daughter. Now alone, she shakes off her old identity and explores her newfound freedom but finds that she is unbreakably bound to other humans, including her husband’s mistress, whose existence she never suspected.",6.2191,/33wsWxzsNstI8N7dvuwzFmj1qBd.jpg,2026-09-11,False,False,7.6,1959
False,/ovtTn2GkzOYsMvAVWl6Bt0jN4Ye.jpg,"[18, 14, 35]",837335,La Chimera,it,La chimera,"Everyone has their own Chimera, something they try to achieve but never manage to find. For Arthur, the Chimera looks like the woman he lost, Beniamina. In an adventurous journey between the living and the dead, between forests and cities, between celebrations and solitudes, the intertwined destinies of these characters unfold, all in search of the Chimera.",5.3305,/dV6SYHmmFLXQU7oKRfK4pOFCX6M.jpg,2024-04-19,False,False,7.308,634
False,/5a4Gmk2HNeefI4Rmwdmbyoy79oy.jpg,[18],31414,Satantango,hu,Sátántangó,"Inhabitants of a small village in Hungary deal with the effects of the fall of Communism. The town's source of revenue, a factory, has closed, and the locals, who include a doctor and three couples, await a cash payment offered in the wake of the shuttering. Irimias, a villager thought to be dead, returns and, unbeknownst to the locals, is a police informant. In a scheme, he persuades the villagers to form a commune with him.",4.7297,/y38z0v4HJ12MHiKddLEoFlvPiBt.jpg,2026-09-06,False,False,8.04,326
False,/1E2WVVwN0L8KtgvmtaHhER3DpvO.jpg,"[35, 10749]",1174128,Forbidden Fairytale,ko,동화지만 청불입니다,An aspiring children's book writer agrees to write erotic web novels to pay her car repair debt – with unintended consequences for her coworker.,5.4618,/pnxdv9cRQvgaVXFBNP4HxoP0MDK.jpg,2026-09-18,False,False,7.333,24
False,/gFzBLipMi8pBn3KkoL4WSgkIUu9.jpg,"[28, 12, 16, 18]",14003,Fullmetal Alchemist the Movie: Conqueror of Shamballa,ja,劇場版 鋼の錬金術師 シャンバラを征く者,"Munich, Germany, 1923. Two years have passed since Edward Elric was dragged from his own world to ours, leaving behind his country, his friends and his younger brother, Alphonse. Stripped of his alchemical powers, he has been all this time researching rocketry together with Alphonse Heiderich, a young man who resembles his own brother, hoping to one day find a way back home. His efforts so far had proven fruitless, but after lending a hand to a troubled gipsy girl, Edward is thrown in a series of events that can wreak havoc in both worlds. Meanwhile, at his own world, Alphonse Elric ventures deeper into the mysteries of alchemy in search for a way to reunite with his older brother.",4.9373,/kdovrjrKighUFEh9ZRQul0Evx6L.jpg,2005-12-22,False,False,7.329,425
False,/3A0dDfZq5WxdDGt8qzmhFXqVZxJ.jpg,[99],1393151,Mr. Nobody Against Putin,da,Mr. Nobody mod Putin,"As Russia launches its full-scale invasion of Ukraine, primary schools across Russia’s hinterlands are transformed into recruitment stages for the war. Facing the ethical dilemma of working in a system defined by propaganda and violence, a brave teacher goes undercover to film what’s really happening in his own school.",5.2815,/ss4NEGmPxgm4D73iMFeyjbE1m9b.jpg,2026-10-02,False,False,7.33,147
False,/jaHKaiFxIxhTMsn0aRsYr8Uc3ul.jpg,"[27, 53]",1610936,Haunted Universities 4,th,เทอม 4,"Four Thai campuses, four deadly legends. Students face a cursed bridge, a ghost house, a cruel ritual and a haunted room in this horror anthology.",5.5572,/41Bo66wbFEXlGEMQ9kYHwXy0hBm.jpg,2026-09-24,False,False,5.5,2
False,/hpiEAclfvNJOYPEIhmVewK3n77c.jpg,"[16, 28, 878]",71883,Redline,ja,レッドライン,"A daredevil driver is determined to compete in Redline, the most popular race in the galaxy. The race only occurs every five years, but in order to participate he must overcome the mafia, the government and even love.",5.0849,/yUkH0y9OsY7J08Dvfzi1P0di559.jpg,2010-10-26,False,False,7.558,604
False,/g8RivCxBNzYeouwqUe15gmKWt3T.jpg,"[27, 878]",890216,Pacific,es,Pacífico,A group of young travelers are stranded on an island in the Pacific where they struggle to escape an evil presence kept hidden from mankind for centuries.,4.2708,/lxHviNCgIVv8juHBrwHJpR5wJ5b.jpg,2026-09-18,False,False,10.0,1
False,/e5LTUuIumJCgeoAApfCXhKUZ1UH.jpg,"[18, 36, 10752]",1432596,Palestine 36,en,Palestine 36,"Year 1936. As villages across Palestine rise against British colonial rule, Yusuf drifts between his rural home and the restless energy of Jerusalem, longing for a future beyond the growing unrest. But history is relentless. With rising numbers of Jewish immigrants escaping antisemitism in Europe and some arriving with nefarious Zionist-colonial ambitions, and the Palestinian population uniting in the largest and longest uprising against Britain’s 30-year dominion, all sides spiral towards inevitable collision in a decisive moment for the British Empire and the future of the entire region.",4.8207,/ajeiriNRFPLESjGZ0vdp4MVardZ.jpg,2026-09-11,False,False,7.684,79
False,/ceOdqFmZy5kKImbGThuDHuifGpm.jpg,[18],1591675,Look Back,ja,ルックバック,"The overly confident Fujino and the shut-in Kyomoto couldn’t be more different, but a love of drawing manga brings these two small-town girls together.",4.6628,/sxiJhMNTBRvQgMnB9H4VIVdQfW9.jpg,2026-09-11,False,False,7.9,12
False,/wKPevTkODWTjWf4xWGkrXGbg9Xi.jpg,"[35, 10749, 18]",1283671,Peak Everything,fr,Amour Apocalypse,"A kennel owner, grappling with climate anxiety, falls in love with a customer service rep over the phone. Amid a natural disaster, he embarks on an adventurous, bilingual romantic journey to find her.",4.5188,/6aq7flJkxR8HStDrSc95lcDe84Q.jpg,2026-08-28,False,False,6.2,14
False,/vjsFyeCf5W5rxCFpS9MIAEZJkIG.jpg,"[18, 14]",1600,The Double Life of Véronique,fr,La Double Vie de Véronique,"Véronique is a beautiful young French woman who aspires to be a renowned singer; Weronika lives in Poland, has a similar career goal and looks identical to Véronique, though the two are not related. The film follows both women as they contend with the ups and downs of their individual lives, with Véronique embarking on an unusual romance with Alexandre Fabbri, a puppeteer who may be able to help her with her existential issues.",4.2699,/oqRyO9xrNBRaxqF9pCHHgLuaATx.jpg,2026-09-11,False,False,7.493,922
False,/A58FVNOQ9qXxt0vdKGQ9kCo17El.jpg,"[18, 9648, 80, 53]",1235769,The Journey to Gyeong-ju,ko,경주기행,"Eight years ago, the youngest daughter, Gyeong-ju, disappeared during a school field trip to Gyeongju and never came home alive.  On what would have been her birthday, her mother Ok-sil and her three daughters—Jang-ju, Young-ju, and Dong-ju—put on matching family T-shirts and set off for Gyeongju, the place where Gyeong-ju vanished, in what appears to be a family trip to honor her memory. But beneath the cheerful façade lies a deadly secret. In the trunk of their van is a bound and unconscious man zipped inside a plastic bag.",5.0854,/eBoSfJq9JtsEO7KwInC3oQXYSxP.jpg,2026-09-11,False,False,7.8,4
False,/2janTKwWSg8F4h6HHqUaeqZnVfK.jpg,"[16, 10402]",1675042,Love Live! Hasunosora Girls' High School Idol Club Bloom Garden Party,ja,映画 ラブライブ！蓮ノ空女学院スクールアイドルクラブ Bloom Garden Party,"Hasunosora is hosting the Bloom Garden Party, a cultural festival headlined by the School Idol Club; the 102nd class also returns to perform alongside the club's active members while the 103rd class prepares for their final live.",3.9888,/eV9i7GRcLbCzraWN4PdvRKKqtZv.jpg,2026-09-18,False,False,0.0,0
False,/pyCUjcPHZrMY125lWpWAxEexe7C.jpg,[18],23160,Werckmeister Harmonies,hu,Werckmeister harmóniák,A naive young man witnesses an escalation of violence in his small hometown following the arrival of a mysterious circus attraction.,3.4102,/ix3pquGqTkCW86UbVTdRcrhGEFm.jpg,2026-09-05,False,False,7.9,400
False,/pPThPhqsh5bKwJoZDlWd67qCHcc.jpg,"[18, 36, 9648]",1620313,The Samurai and the Prisoner,ja,黒牢城,"When Lord Murashige rises up against the tyrannical Oda, he finds himself besieged within the walls of his own castle. Isolated, he is confronted with a series of mysterious crimes that shatter the fragile order of his court, plunging the fortress into fear and suspicion. With Oda's army closing in and a traitor hiding among his ranks, Murashige is forced into an uneasy alliance with Kanbei, a brilliant and dangerous strategist held prisoner in the dungeon, as he must outwit his enemies and uncover the truth before time runs out.",3.5781,/1GWVlPM1v6k84LsmDkfDzLlGf0O.jpg,2026-09-24,False,False,7.9,12
False,/1gLqb2IjIer0xYTT5GhLzi7CtjC.jpg,[18],75233,"Oslo, August 31st",no,"Oslo, 31. august","A recovering drug addict is granted a day’s leave from rehab and returns to Oslo, where he reconnects with friends, faces the weight of his past, and struggles with uncertainty about his future. Over the course of one day, he drifts through encounters that reflect his longing for connection and his deep sense of alienation.",3.2449,/a9WUrw5Dkl8mumi2YlOlpt2f5Dc.jpg,2026-08-28,False,False,7.489,532
False,/yMpLgrUs5AILPQwXO2eMtgEEar0.jpg,"[18, 10749, 80]",1255718,Plainclothes,en,Plainclothes,"In 1990s New York, an undercover police officer receives an assignment to lure and arrest gay men. However, he's surprised to discover a scintillating connection with one of his targets. As their secret connection deepens and internal pressure to deliver arrests intensifies, he finds himself torn between duty and desire.",3.223,/bT5QN5QARV5TblAt9jDVQQsnSec.jpg,2026-09-18,False,False,7.371,97
False,/nXqRGRhFxa3v5rJsJUApYdKdiKu.jpg,"[18, 36]",1157322,Franz,cs,Franz,"Conceived as a kaleidoscopic mosaic, the film follows the imprint Franz Kafka left on the world from his birth in 19th-century Prague to his death in post-WW1 Vienna.",3.228,/cCRBkb1U9eKz1DYa4UMGZBSkcjC.jpg,2026-09-18,False,False,6.25,28
False,/xprL040VY3rZYxuanOpJB0gNVx1.jpg,"[16, 10751, 878]",1404169,Space Cadet,en,Space Cadet,"A young astronaut and her guardian robot explore grief, loss and love across generations.",3.1713,/eTxfcOXIZs8mSaL7dqdmpnVmB5l.jpg,2026-09-24,False,False,6.8,3
False,/cNMRwJ6UHfclZKn4Sevp97zL00P.jpg,"[18, 10749]",85033,Café de Flore,fr,Café de Flore,"Jacqueline is a young mother living in 1960s Paris with her disabled son Laurent. Abandoned by her husband, Jacqueline sacrifices everything to care for her son and vows to give Laurent a “normal” life full of happiness. Antoine, is a successful DJ in present day Montreal who seems to have it all: a thriving career, two beautiful daughters, partner Rose, with whom he is passionately in love. However, nothing is perfect and Antoine’s ex-wife Carole remains devastated by their recent separation.",2.9624,/7RHazwQMBk4zkBM4U6CF4LfxGwZ.jpg,2026-10-02,False,False,6.861,208
False,/yvLN3JRt877C7IQmtzGtL01aTqK.jpg,[99],1677118,THE ORIGIN OF ULTRAMAN,ja,THE ORIGIN OF ULTRAMAN,"The landmark Japanese Tokusatsu TV series Ultraman became a massive social phenomenon upon its debut in 1966, reaching a staggering peak viewership rating of 42.8%. Six decades later, Tsuburaya Productions continues to introduce new entries into the Ultraman series, expanding its unique universe to a global audience across generations. This documentary brings together leading voices from the fields of cinema, Tokusatsu, and design. Witness profound testimonies from an international assembly of creators, including: Guillermo del Toro, Hirokazu Kore-eda, Hideo Kojima, Hideaki Anno, Shinji Higuchi, and Nicolas Winding Refn.",2.5293,/sBUU5SEbmZv3vPAqxvT4IeESyGu.jpg,2026-09-04,False,False,6.0,1
False,/yJetT9PknmMbgwPdhrpxVU8tDKk.jpg,"[28, 16, 12, 35]",44731,"One Piece: Episode of Chopper Plus: Bloom in the Winter, Miracle Cherry Blossom",ja,ＯＮＥ ＰＩＥＣＥ（ワンピース） エピソードオブチョッパー＋冬に咲く、奇跡の桜,"When Nami falls ill, the Straw Hats seek medical care for her on Drum Island. There they meet reindeer doctor Tony Tony Chopper and the Wapol Pirates.",3.293,/rGgZ3nIJt1anC1hOT4Do5mCOqAJ.jpg,2026-09-25,False,False,7.0,162
False,/w2AmdI6RRSP3SoSNHVoCcdzy3gD.jpg,"[27, 53]",1495716,App the Horror,ko,귀신 부르는 앱: 영,"When the app is launched, a ghost appears. Developed by four young adults, the app becomes the centerpiece of a livestream where they venture into a supposedly haunted mountain to prove its authenticity—only to meet a grim fate.",3.0071,/frNYON93jmD7YyaZoeXPEQrYURD.jpg,2026-10-02,False,False,5.4,5
False,/41e5H3UhT7D8VYBh4rdGy5fB0lv.jpg,"[16, 28, 12]",44727,One Piece: Dead End Adventure,ja,ワンピース デッドエンドの冒険,"Desperate for cash, the Straw Hat Pirates enter a secret race between pirate crews known as the Dead End Competition. There, they must battle against powerful people, including the bounty hunter who wants to kill Gasparde and a climatic battle with Marine-turned-pirate Captain Gasparde.",3.2707,/tEJBIHzaW1IoOVHtgblXy76kj4G.jpg,2026-09-18,False,False,7.0,223
False,/4J4OlqCWFF6b9F4HuMxWmWlneBF.jpg,[99],1532477,In-I In Motion,fr,En nous,"In 2007, Juliette Binoche and Akram Khan took a break and co-created In-I, an original performance that toured the world. Today, Juliette Binoche revisits that exhilarating journey. Through unfamiliar images, she reflects on creation, its challenges, and the personal transformation it brings as a filmmaker.",2.4618,/kFIVqcaHcGfMEBBLMmp4DlbQaGb.jpg,2026-10-02,False,False,5.6,4
False,/lqDLtZ8pdSPZZR6k8S2pqGTfuZz.jpg,[10402],1740257,NCT 127 5TH TOUR ‘NEO CITY  SEOUL - THE REDLINE’ in CINEMAS,ko,NCT 127 5TH TOUR ‘NEO CITY  SEOUL - THE REDLINE’ in CINEMAS,"Back after almost two years, NCT 127's fifth tour,  NCT 127 5TH TOUR ‘NEO CITY : SEOUL - THE REDLINE’, is coming live to cinemas!  Experience the explosive energy, world-class performances, and electrifying atmosphere of KSPO DOME brought to life on the big screen with immersive sound.  NCTzens, join us for the spectacular kickoff of 'THE REDLINE'!",2.9133,/yvD0TWLNHlyP9dNHStjFV8v68nP.jpg,2026-09-20,False,False,0.0,0
False,,[35],1532968,Pa Pa Go,zh,網紅老爸,"Influencer Bunny struggles to stand out online when her ex-gangster father, Tian, is released from prison. Their reunion sparks conflict as he’s urged to rejoin the triad while she defends her career. Tian’s accidental viral fame fuels jealousy from his ambitious underling, triggering gang turmoil and exposing Bunny’s family ties. As her public image collapses, father and daughter must confront their past and choose between power, pride, and love—learning that redemption and understanding are the only way to truly move forward.",2.7456,/p9QLCtwefV6vw3QjtLl9bHrNDF2.jpg,2026-08-27,False,False,0.0,0
False,/rxqC1iE9Io09mlU0NIWJiLRaoRd.jpg,[18],1498915,The Day She Returns,ko,그녀가 돌아온 날,"​Having stepped back from acting after marriage and a subsequent divorce, actress Bae Jeongsu returns to the profession with a role in an independent film. As the film’s release approaches, she takes part in a series of press interviews, only to discover later, when asked to revisit those moments in her acting class, that she cannot clearly recall what was said.",2.6141,/18Ba4BbB9AgDVBTAPw0DNXSJXTr.jpg,2026-08-28,False,False,5.9,6
False,/z78KItNfTtzCFCrxQPG5T8Hn7hJ.jpg,[18],1559189,BURN,ja,炎上,"When runaway teen Ju-Ju is embraced by a tribe of misfit youths in Kabukicho, she finds belonging for the first time — until betrayal and despair twist her haven into a prison, and she's left with one way to take back control.",2.3105,/rvuyrsPsMEKiwmQsVB5XFM0ZkK7.jpg,2026-08-28,False,False,6.8,4
False,/4JN4NfQmqgQW1QrlB8N1RrHzOhS.jpg,"[80, 18, 10751, 9648]",1621964,The Swan and the Bat,ja,白鳥とコウモリ,"A kind-hearted lawyer is found stabbed to death. One man emerges as the prime suspect. With his confession the case should have been solved. But the suspect's son, Kuraki Kazuma and the victim's daughter, Shiraishi Mirei, both sense that something about their fathers' words and actions doesn't add up. When the suspect's son and the victim's daughter join forces, the very notion of the truth begins to unravel.",2.0192,/jIEyBR9gCrDMEQ7UcxWmJVj2zDi.jpg,2026-09-04,False,False,7.0,1
False,/kmFZZDT3WGGGJ8MelXRyvu1LXFx.jpg,"[16, 18, 10402]",1449433,"Sound! Euphonium: The Final Movie, Part 1",ja,最終楽章 響け！ユーフォニアム 前編,The music isn't over yet!,2.1765,/3uFIhlbquYKH9jHBxTZ8afMfJmK.jpg,2026-08-28,False,False,8.0,1
False,/rs4d4EaonSqsrhXCB7p80Y83YAf.jpg,[18],1530193,A Fading Man,de,Der verlorene Mann,"When her ex-husband reappears, now suffering from dementia and having forgotten their divorce, Hanne’s orderly life with partner Bernd is gently upended.",2.4247,/38FwsvznEdf9JrDHtikmtcbmLjG.jpg,2026-09-04,False,False,6.2,4
False,/xP9YyExJeXo5c5WrjRftm90mQRt.jpg,"[80, 18]",1509632,We're Nothing at All,cn,我們不是什麼,"On Valentine’s Day, a double-decker bus explodes in a fiery blast, killing many and leaving charred remains, with evidence pointing to a deliberate act by two passengers, Fai and Ike, a gay couple from troubled backgrounds living on society’s margins. As retired forensic expert Lung Sir investigates, he uncovers their tragic story of abuse, homophobia, and despair, culminating in their decision to end their lives in a suicidal protest against an unjust world, leaving behind a haunting message: “On a beautiful day, we end our unbeautiful lives.”",2.4503,/nxriH6UzCvM0yGQCUezHWhkzzR2.jpg,2026-10-02,False,False,7.5,4
False,/bLuf0gUwHQRqYRxzPrnMnT0L6cw.jpg,"[35, 18]",1321412,Ride Away,fr,À bicyclette !,"From the Atlantic to the Black Sea, Mathias and Philippe, two old friends, embark on a bicycle journey that Mathias’s son made before his tragic death. The two men ride through the ordeals with tenderness, humor and emotion.",2.2757,/84j57nt48tBB2521lEBfQq9HARQ.jpg,2026-09-24,False,False,7.1,113
False,/8wr3MR7b5njzv4Ql0iJEgW1Rrtm.jpg,"[18, 14]",1617484,Wind Up: The Movie,ko,와인드업: 더 무비,A pitcher who can't throw strikes and his unlikely manager form a heartfelt bond.,1.8522,/yRKvUGchy8HGQGQ7hz5dizAP3kT.jpg,2026-09-18,False,False,0.0,0
False,/wOis85Mrc0WYfYQcnFgOAtRwcaw.jpg,[18],108634,Typhoon Club,ja,台風クラブ,"Offering a caustic immersion into the lives of disaffected junior high students on the cusp of adulthood, the film takes place over the 5-day period before, during, and after a ferocious, seemingly liberating typhoon, which six of the students endure while marooned in their school.",2.3686,/jsvWuaYE1l30qR62RQA4VN98HOi.jpg,2026-09-11,False,False,6.5,72
False,/mINSxREmed7uTom1HiradrnwYoP.jpg,"[18, 80, 9648]",1454800,Trapped,zh,大风杀,"In 1995, the year before the comprehensive gun ban policy was implemented, the tranquility of Mangya Town was shattered. A notorious bandit leader, who had hidden a massive treasure, broke out of prison. Forty-three ruthless outlaws gathered from all directions, joining their leader, Beishan, in blockading Mangya by force. The entire town was plunged into a desperate crisis—cut off from fuel and communication! The bandits wanted both money and lives. Gunfire erupted across Mangya as a massive sandstorm loomed on the horizon. Facing impossible odds—one gun against eighty-eight—the gang also turned on each other in a brutal ""dog-eat-dog"" power struggle. Surrounded by enemies, with sandstorms blotting out the sun and death hanging by a thread—how can they turn the tide?",2.0097,/mmIqkyXhlgcaSb1S8zJsLQwGBls.jpg,2026-08-28,False,False,7.3,18
False,/rCf3g362OAWDGnYnaJ79wagpEFN.jpg,"[80, 53]",1705721,How to Generate a Perfect Crime,ja,5秒で完全犯罪を生成する方法,"After his sister, Sara, accidentally kills her threatening teacher in self-defense, Wataru makes a desperate decision to protect her. He uses an AI chatbot to generate a plan for the ""perfect crime,"" staging the crime scene and covering up evidence based on the AI's instructions to make it look like a random homicide.",1.6204,/vOB30BbJLvioZwLcvEzBixatY9L.jpg,2026-09-24,False,False,5.0,1
False,/qkjgzcOtSPQnG4MG7yYYLLkT8u1.jpg,[18],1410587,The Brightest Sun,ja,時には懺悔を,"When a private detective is murdered, a former colleague and a trainee detective are sent to investigate. Along the way, they uncover a tragic truth that triggers memories from their own haunted pasts.",1.8992,/l6HnJ4ZVK2oT20MaYTznAU1dkMH.jpg,2026-09-18,False,False,0.0,0
False,/vkbBil6DLw4pbX3Qj5MQZTHyIuT.jpg,"[16, 14]",1325332,Odekake Kozame Movie,ja,映画 おでかけ子ザメ とかいのおともだち,Movie based on the Odekake Kozame manga and sequel to the 2023 anime that follows the nostalgic everyday adventures of a young shark.,1.8354,/bOmfD566NFBDhb0NmMPJOK6wMiR.jpg,2026-08-28,False,False,8.0,1
False,/jgNRXM69ygunAnLHNMuI0RBpGiA.jpg,"[18, 35]",1461775,Bring Him Down to a Portable Size,ja,兄を持ち運べるサイズに,Four hectic days unfold as a family reunites after the death of the world’s most troublesome big brother.,1.7168,/bJRpVBQZBYU8vXT3ZPEj6xF7BD4.jpg,2026-08-28,False,False,6.8,8
False,/jLvL23gZ4J9I09v6nlgY1EiZtYB.jpg,[99],490794,Kusama: Infinity,en,Kusama: Infinity,"Now one of the world’s most celebrated artists, Yayoi Kusama broke free of the rigid society in which she was raised, and overcame sexism, racism, and mental illness to bring her artistic vision to the world stage. At 88 she lives in a mental hospital and continues to create art.",1.3877,/o1gZE9QqU9F9ogNaoFO0lsa3EUP.jpg,2026-09-11,False,False,7.2,30
False,,"[10749, 35]",1701409,Love Not Comedy,ja,ラブ≠コメディ,"Reiji Kanzaki is a wildly popular actor who has made a career out of starring in classic, sparkling romantic comedies. However, as he turns 30, he begins to grow weary of the genre and wants to be recognized for his acting skills in serious dramas. Just as he plans to make a career shift, he receives another offer to star in a rom-com, this time opposite the earnest idol Misato Minamikaze. The film follows their clash of ideals, professional struggles, and the romantic sparks that fly between them.",1.4498,/zARaQtuRTBOCnnreB6P9WUVOIgk.jpg,2026-09-18,False,False,0.0,0
False,/zVfM3NcRhPk0m7fVf5pEqeuFtij.jpg,[18],1651166,"Why Wait, Just Die",ja,死ねばいいのに,"A woman named Asami Kashima is found strangled. A woman named Eiko Watarai starts confronting various people who knew her – her boss, her neighbor, her boyfriend, her mother – riling them up into revealing their feelings about Asami, and saying she wants to know more about her.",1.2815,/3XykUQAmLfzxQTpUTdyueQ7I29D.jpg,2026-09-18,False,False,0.0,0
False,/ptBZVnF4cHnS7VdfCJ3iHWsYmOK.jpg,[27],1664760,Possessed,th,ผีเข้า,"Nut, a young nurse, returns to her hometown to care for her recovering mother, but she encounters a terrifying case that involves Mac, a boy who is believed to be possessed.",1.3814,/nQP2qBDxFYhgTY1mmDRVOz7C0aA.jpg,2026-09-11,False,False,5.0,1
False,/nXqFdCq5Xjniie1QnnPFpkLXzQn.jpg,"[35, 18]",1196840,Galaxy Writer,zh,银河写手,"One script, two screenwriters, three revisions, four seasons change, five flavors mixed. According to legend, during the early years of the Ming Dynasty, General Chang Yuchun headed north with his army and established a campsite that later became known as ""Chang Ying."" Several hundred years later, a group of young people also stationed there, dreaming of becoming directors, screenwriters, actors, producers, and more. Among them were two screenwriters, Zhang Liao and Sun Tan. They wrote a movie script that they believed would go down in history and were determined to bring it to the big screen.",1.2566,/l4zwaKiGEFInl5lN9WJkoEApVjn.jpg,2026-08-28,False,False,5.3,9
False,,[10402],1758522,Black Lizard / Diamond Impulse,ja,黒蜥蜴 / Diamond IMPULSE,"Black Lizard Great detective Kogoro Akechi and the enigmatic female thief Black Lizard. Within their thrilling game of pursuit and evasion, a solitary, unspoken love gradually blossoms between hunter and hunted. Diamond Impulse A shimmering diamond, bursting with the power to awaken countless emotions and impulses in us. This is a sparking stage performance that mixes IMPULSE—ephemeral feelings: the passion and love of those who keep on singing and dancing; desire and envy—with the transparent serenity and seductive scintillation of a diamond.",1.2362,/1WU2WTtryFhrryai1Y9C6bF0iWc.jpg,2026-09-06,False,False,0.0,0
False,/59iwNj0zSo6ReMlxMzEIDXkAwYf.jpg,"[35, 27]",1193673,Oh My Ghost! Oh My God!,zh,怎麼可能我家的祖先是你家的鬼,"A Japanese pop icon returns to her late mother’s birthplace in a mountain village, joined by a former classmate and her boyfriend. Their trek into the forest turns dark after disturbing ancestral spirits. Trapped in thick fog, fear manifests into inner demons as supernatural events unfold, blurring the line between self-discovery and a descent into madness.",1.24,/myDhMRgMKe0jBNVZu7k7ZwZIkQE.jpg,2026-09-10,False,False,0.0,0
False,/tseGkGnc7YvAVq0LXC1QMkHBEjA.jpg,"[18, 35]",255796,Tonight Nobody Goes Home,zh,今天不回家,"The Chen family contagiousness extends to taking on an extra-marital affair. Gua Ah-leh is at the movie's centre: she shines as Lung's wife, who finds she has a thing or two to learn from the gigolo after Lung blithely. Lang Hisung plays old dentist for broad comedy he is sixty years old.",1.1272,/oGQZ4Lk6GpJOZSEOR7OcwQdSjF9.jpg,1996-07-04,False,False,7.0,6
False,/uZAUtSOQPgNOKsR1T5jCHxCqqQA.jpg,"[99, 36, 10402]",1603232,"Perfume - ""Cold Sleep"" –25 years Document-",ja,"Perfume ""コールドスリープ"" -25 years Document-","As 2026 heralds the start of technopop group Perfume's 'cold sleep' hiatus, this documentary traces the first 25 years of their career, and is expected to go behind the scenes of their latest album, Nebula Romance, and their latest tours.",1.0975,/muOzj5LK8rUg02sOaaMXMAOMFd6.jpg,2026-09-24,False,False,0.0,0
False,/skN5xKDmxVFcqy9bL8HUfb4u4QT.jpg,[18],1509612,Your Final Homework,ko,마지막 숙제,"Yeong-nam, an exam instructor, faces challenges after a student's death due to exam stress. He embarks on a journey to teach elementary school kids despite battling cancer, highlighting struggles and triumphs in education.",1.1051,/kE8V5AW9MJa1k3fdmYRLGucRdk7.jpg,2026-09-04,False,False,5.5,2
False,,"[16, 12, 10751]",1425552,Scotty,en,Scotty,"A stray cat (Scotty) has to travel with a pet cat (Katie) despite his desire to return to his territory, but when he gets home, he realizes that living with those he loves is better than living alone.",1.1724,/pV4O0DFUwF0gFI7vDT07sqG0gUP.jpg,2026-09-18,False,False,0.0,0
False,,[10402],1769154,ENHYPEN VR CONCERT : DESTINY,ko,엔하이픈 브이알콘서트 : 데스티니,"On the night a crimson moon rises, ENHYPEN come face to face with the one destiny they have long awaited: ENGENE. Breaking the rules of the vampire world, they choose love and run away, only to face the same cruel fate again and again. Even with danger closing in as sharp as a “Knife,” the words they say to comfort each other, “Big Girls Don't Cry,” lead them into a forbidden love called “CRIMINAL LOVE.” What ending awaits this love, sealed in blood?",1.1284,/uO42vQHjDQ1CYSdCiNUY5iP7YqO.jpg,2026-09-18,False,False,0.0,0
False,,[18],176654,Good Bye! Darling,zh,再見阿郎,"Kuai Chi, the conductor of a women’s western music band, alertly keeps her distance from men around her. Nonetheless, she eventually succumbs to the charms of A-lang and falls pregnant; she then breaks off her engagement and embezzles money so she can elope with A-lang. Unfortunately, A-lang fails in everything he does, and Kuai Chi persuades him to move and start a new life. However, A-lang has become addicted to excitement…",0.9727,/5Xhftj4K4y0iiF0VicnAOW8pSQr.jpg,1970-07-30,False,False,0.0,0
False,,[10402],1776482,SB19 Wakas at Simula: The Trilogy Concert Finale,en,SB19 Wakas at Simula: The Trilogy Concert Finale,"From unforgettable stages to a journey shared with A’TIN, SB19 brings it all to the big screen. The most awaited finale is coming to cinemas worldwide.",1.1162,/3pENFLYk6fyZfl8U5ewiyWWAw17.jpg,2026-10-07,False,False,0.0,0
False,/7mg6oidGE9aTHz9eHFgJIXcJBsg.jpg,"[10770, 35]",1467519,In Gods We Hide,zh,大仙尪仔,"Three desperate homeless people in Wanhua discover a bag of cash, sparking a relentless chase through a crowded temple procession.",0.7676,/g6jkQEEuAehKDjc72S0fR6namf4.jpg,2026-09-11,False,False,0.0,0
False,/8LR7v6QZsBaRuC3GqSJtIDKT0p6.jpg,[99],1564172,Me and My Condemned Father,zh,我的爸爸是死刑犯,"In 2002, Cheng's father murdered his mother. He is both the son of the perpetrator and the beloved son of the victim. That afternoon, he met the children of two other death row inmates. The three of them talked about life, about marriage, and about their greatest fear: their fathers, and the death penalty.",0.9353,/b29dMsx7bcwzV9x80Z1azHnronS.jpg,2026-09-04,False,False,0.0,0
False,/grfzPvSSmgKSfTzlTHJLDHHHIOU.jpg,"[18, 10749]",374566,Lonely Seventeen,zh,寂寞的十七歲,"The story of Lonely Seventeen centers on Tan-mei, a seventeen-year-old high school girl who comes from a wealthy family. The film begins with Tan-mei inviting her cousin, who is also her sister’s fiancé, Feng Tse (Ke Jun-Xiong), to come over to her place on a rainy night. However, Feng Tse secretly visits his mistress first and gets seriously wounded after a fight with the woman. When he tries to make a second stop at Tan-mei’s place, he loses control of his car and is killed in a car accident. After the death of Feng Tse, Tan-mei and the mistress start to behave strangely, and both of them are sent to the same mental health institute after their emotional breakdown.",0.9359,/5SKXVPYv2D74Xlw30iPoRaoYq7n.jpg,1967-07-29,False,False,0.0,0
False,/s6LlYO3qssVkxuc1iaUZQxzgKSn.jpg,[99],1537122,My Last Wedding Photo,zh,婚・紗・罩,"A ruined wedding photo sparks a journey through Taiwan’s iconic pre-wedding photographers—uncovering stories of fantasy, rebellion, and pain, and leading to a deeper reflection on femininity, absence, and the unreachable idea of perfection.",0.6684,/pKaUEbD2HaowaCEGjSQbiWHoYLH.jpg,2026-09-18,False,False,0.0,0
False,/dlrEeBOLYT97warU4aZ9Ja3r9Xn.jpg,[99],1695300,The Dance of A Soloist,zh,獨奏者之舞,Li Ze-yang's journey in music was bumpy yet full of colors. His musical collection serves as a historic witness to ethnic communities. His relentless editorial commitment proved a quintessential scarcity in the history of Taiwanese music.,0.489,/uVBN47UvnKwxeYkkdxoc73YLGWD.jpg,2026-09-11,False,False,0.0,0
False,/xk6BqHZgqNaVG48JII2ZD7GiPM7.jpg,[99],1733440,The True Spirit,zh,遠離祖靈的孩子,"The story begins with the boxing lives of two urban Indigenous youths, Liu Li-Chen and Su Jing-Wen. Gifted with exceptional talent, Li-Chen won a national championship in junior high school, only to fall into confusion after entering high school—caught between boxing, academic expectations, and his Indigenous identity. As he struggles to find his path, his performance in the ring declines, dealing a heavy blow to his confidence. Jing-Wen, from the Nanjing Indigenous community in Sanxia, New Taipei City, is seen as a promising Olympic boxer of her generation. Yet deep down, she is uncertain about her future in boxing. The only reason she continues training is the weight of others’ expectations. Despite growing up in an urban Indigenous community, she finds no real sense of belonging in the city.",0.5072,/zhAdEIYJNYEyqlJxBQGDod5XoYb.jpg,2026-10-02,False,False,0.0,0
False,/v6WdSc1ACVzGirjjxYiJyHjaHju.jpg,[99],1585389,Tuning Architecture: The Life of Albert Xu in Sound,zh,讓建築歌唱～徐亞英的交響人生,"Renowned Chinese-born master of architectural acoustics, Albert Yaying Xu, spent decades collaborating with Pritzker Prize–winning architects such as I. M. Pei and Frank Gehry. Known for his “invisible” acoustic design, he has contributed to the design and construction of nearly a hundred cultural performance venues and exhibition spaces around the world. The film revisits his most iconic works—including the Louvre Pyramid and the Luxembourg Philharmonie—tracing how he resolved complex challenges for architects.",0.475,/ctoY2dhrVO5cAUXa7IqzDmaarK5.jpg,2026-03-13,False,False,0.0,0
False,,[99],1758564,Hit the Road Now!,zh,人吶，為什麼要跑步？,,0.5188,/qE20aji4cgguHQuXpmoVknjC1uT.jpg,2026-10-02,False,False,0.0,0
